標題,連結,作者,日期
新台幣午盤貶3.6分 暫收31.466元,https://tinyurl.com/2b6ydcss,中央社,2025-11-24 12:07
《金融股》輝達用地底定！吳東亮喊話：盼全民給新壽最大肯定,https://tinyurl.com/26tc8qe4,時報資訊,2025-11-24 12:06
台新、新光投信合併躍居第9大 力拚資產規模破兆,https://tinyurl.com/299ev5t2,中央社,2025-11-24 12:11
《熱門族群》亂世梟雄！被動元件2小兵連閃2紅燈,https://tinyurl.com/23vytmb2,時報資訊,2025-11-24 12:11
《熱門族群》國家隊撐腰！矽光子大小通吃 2檔高掛紅燈,https://tinyurl.com/2d4zwxlb,時報資訊,2025-11-24 12:08
威潤減資換發新股上櫃買賣，早盤跳空漲停，前三季虧損收斂,https://tinyurl.com/23afrrnq,財訊快報,2025-11-24 12:11
《國際經濟》與川普重啟貿易協商 加拿大總理給答案,https://tinyurl.com/29jofjmn,時報資訊,2025-11-24 12:14
週休三日有望？ 勞動部長洪申翰最新回應曝,https://tinyurl.com/2yy3o9fe,東森財經,2025-11-24 12:15
《經濟》連署通過！周休三日有譜？洪申翰最新回應曝光,https://tinyurl.com/23te2fy3,時報資訊,2025-11-24 12:29
美民眾對通膨無感？年終購物季消費額有望創新高,https://tinyurl.com/23n4xfd9,中央社,2025-11-24 12:27
記憶體、網通、軍工股反彈，加權指數上漲百餘點,https://tinyurl.com/23hb6euz,財訊快報,2025-11-24 12:11
《HKEX台股期貨》12:15，11月台股指數期貨漲3.7點，為1147.4點,https://tinyurl.com/24smvu97,時報資訊,2025-11-24 12:17
《興櫃股》新SoC強攻高階市場！傑霖：明年營收目標站回去年之上,https://tinyurl.com/2dlsap7r,時報資訊,2025-11-24 12:46
財務止跌回升 工作突破上門 「4生肖」年底前必有好消息,https://is.gd/NgVk8J,東森財經,2025-11-24 12:34
《大陸產業》稀土不再只是原料出口！陸破解「高效電致發光」難題,https://tinyurl.com/246djq8n,時報資訊,2025-11-24 12:34
事欣科波音無人機出貨順暢，Q4業績戰9億大關，今年獲利估創6年高,https://tinyurl.com/28lt5f5g,財訊快報,2025-11-24 12:42
《HKEX台股期貨》12:45，11月台股指數期貨漲2.7點，為1146.4點,https://tinyurl.com/25nugv7j,時報資訊,2025-11-24 12:52
《產業》永明生技集資 助科研產業化,https://tinyurl.com/23byfdcc,時報資訊,2025-11-24 12:36
《國際經濟》關係解凍 印度、加拿大同意重啟貿易談判,https://tinyurl.com/25hwt934,時報資訊,2025-11-24 12:33
《HKEX台股期貨》12:30，11月台股指數期貨漲3.9點，為1147.6點,https://tinyurl.com/26p9n85n,時報資訊,2025-11-24 12:32
