標題,連結,作者,日期
《經濟》連署通過！周休三日有譜？洪申翰最新回應曝光,https://tinyurl.com/23te2fy3,時報資訊,2025-11-24 12:29
週休三日有望？ 勞動部長洪申翰最新回應曝,https://tinyurl.com/2yy3o9fe,東森財經,2025-11-24 12:15
美民眾對通膨無感？年終購物季消費額有望創新高,https://tinyurl.com/23n4xfd9,中央社,2025-11-24 12:27
《國際經濟》與川普重啟貿易協商 加拿大總理給答案,https://tinyurl.com/29jofjmn,時報資訊,2025-11-24 12:14
《HKEX台股期貨》12:30，11月台股指數期貨漲3.9點，為1147.6點,https://tinyurl.com/26p9n85n,時報資訊,2025-11-24 12:32
《國際經濟》關係解凍 印度、加拿大同意重啟貿易談判,https://tinyurl.com/25hwt934,時報資訊,2025-11-24 12:33
《HKEX台股期貨》12:15，11月台股指數期貨漲3.7點，為1147.4點,https://tinyurl.com/24smvu97,時報資訊,2025-11-24 12:17
財務止跌回升 工作突破上門 「4生肖」年底前必有好消息,https://tinyurl.com/272uv94g,東森財經,2025-11-24 12:34
《大陸產業》稀土不再只是原料出口！陸破解「高效電致發光」難題,https://tinyurl.com/246djq8n,時報資訊,2025-11-24 12:34
《HKEX台股期貨》12:45，11月台股指數期貨漲2.7點，為1146.4點,https://tinyurl.com/25nugv7j,時報資訊,2025-11-24 12:52
《產業》永明生技集資 助科研產業化,https://tinyurl.com/23byfdcc,時報資訊,2025-11-24 12:36
《鋼鐵股》豐興鋼筋、廢鋼升轉平 盤價全面持平,https://tinyurl.com/28xgu77v,時報資訊,2025-11-24 12:55
鈊象授權再傳捷報，獲加拿大執照，投信連3天買超逾2000張,https://tinyurl.com/28vcgfls,財訊快報,2025-11-24 12:53
事欣科波音無人機出貨順暢，Q4業績戰9億大關，今年獲利估創6年高,https://tinyurl.com/28lt5f5g,財訊快報,2025-11-24 12:42
《興櫃股》新SoC強攻高階市場！傑霖：明年營收目標站回去年之上,https://tinyurl.com/2dlsap7r,時報資訊,2025-11-24 12:46
焦點股：穎崴後續營運展望利多，今日強漲，股價站回所有均線之上,https://tinyurl.com/258kos95,財訊快報,2025-11-24 13:01
